Well,Fluor,Target,Content,Sample,Biological Set Name,Cq,Cq Mean,Cq Std. Dev,Starting Quantity (SQ),Log Starting Quantity,SQ Mean,SQ Std. Dev,Set Point,Well Note
A01,FAM,,Unkn,,,28.11683722,28.11683722,0,NaN,NaN,NaN,0,60,
A02,FAM,,Unkn,,,28.39867551,28.39867551,0,NaN,NaN,NaN,0,60,
A03,FAM,,Unkn,,,28.66302809,28.66302809,0,NaN,NaN,NaN,0,60,
A04,FAM,,Unkn,,,28.85145498,28.85145498,0,NaN,NaN,NaN,0,60,
A05,FAM,,Unkn,,,28.08573051,28.08573051,0,NaN,NaN,NaN,0,60,
A06,FAM,,Unkn,,,28.02770609,28.02770609,0,NaN,NaN,NaN,0,60,
A07,FAM,,Unkn,,,30.7477171,30.7477171,0,NaN,NaN,NaN,0,60,
A08,FAM,,Unkn,,,30.8765113,30.8765113,0,NaN,NaN,NaN,0,60,
A09,FAM,,Unkn,,,30.73820782,30.73820782,0,NaN,NaN,NaN,0,60,
A10,FAM,,Unkn,,,32.32394189,32.32394189,0,NaN,NaN,NaN,0,60,
A11,FAM,,Unkn,,,29.5837199,29.5837199,0,NaN,NaN,NaN,0,60,
A12,FAM,,Unkn,,,29.17586247,29.17586247,0,NaN,NaN,NaN,0,60,
A13,FAM,,Unkn,,,28.51157649,28.51157649,0,NaN,NaN,NaN,0,60,
A14,FAM,,Unkn,,,NaN,0,0,NaN,NaN,0,0,60,
A15,FAM,,Unkn,,,28.03817575,28.03817575,0,NaN,NaN,NaN,0,60,
A16,FAM,,Unkn,,,NaN,0,0,NaN,NaN,0,0,60,
A17,FAM,,Unkn,,,28.58961338,28.58961338,0,NaN,NaN,NaN,0,60,
A18,FAM,,Unkn,,,NaN,0,0,NaN,NaN,0,0,60,
A19,FAM,,Unkn,,,29.26449051,29.26449051,0,NaN,NaN,NaN,0,60,
A20,FAM,,Unkn,,,NaN,0,0,NaN,NaN,0,0,60,
A21,FAM,,Unkn,,,34.27734345,34.27734345,0,NaN,NaN,NaN,0,60,
A22,FAM,,Unkn,,,NaN,0,0,NaN,NaN,0,0,60,
A23,FAM,,Unkn,,,29.71467235,29.71467235,0,NaN,NaN,NaN,0,60,
A24,FAM,,Unkn,,,NaN,0,0,NaN,NaN,0,0,60,
B01,FAM,,Unkn,,,27.8862832,27.8862832,0,NaN,NaN,NaN,0,60,
B02,FAM,,Unkn,,,28.04109473,28.04109473,0,NaN,NaN,NaN,0,60,
B03,FAM,,Unkn,,,28.32790928,28.32790928,0,NaN,NaN,NaN,0,60,
B04,FAM,,Unkn,,,28.58591153,28.58591153,0,NaN,NaN,NaN,0,60,
B05,FAM,,Unkn,,,27.65598375,27.65598375,0,NaN,NaN,NaN,0,60,
B06,FAM,,Unkn,,,27.96490374,27.96490374,0,NaN,NaN,NaN,0,60,
B07,FAM,,Unkn,,,30.66900539,30.66900539,0,NaN,NaN,NaN,0,60,
B08,FAM,,Unkn,,,30.27529208,30.27529208,0,NaN,NaN,NaN,0,60,
B09,FAM,,Unkn,,,30.47855005,30.47855005,0,NaN,NaN,NaN,0,60,
B10,FAM,,Unkn,,,32.09490611,32.09490611,0,NaN,NaN,NaN,0,60,
B11,FAM,,Unkn,,,29.3081795,29.3081795,0,NaN,NaN,NaN,0,60,
B12,FAM,,Unkn,,,29.03714944,29.03714944,0,NaN,NaN,NaN,0,60,
B13,FAM,,Unkn,,,27.84264396,27.84264396,0,NaN,NaN,NaN,0,60,
B14,FAM,,Unkn,,,NaN,0,0,NaN,NaN,0,0,60,
B15,FAM,,Unkn,,,27.57285686,27.57285686,0,NaN,NaN,NaN,0,60,
B16,FAM,,Unkn,,,NaN,0,0,NaN,NaN,0,0,60,
B17,FAM,,Unkn,,,28.4266394,28.4266394,0,NaN,NaN,NaN,0,60,
B18,FAM,,Unkn,,,NaN,0,0,NaN,NaN,0,0,60,
B19,FAM,,Unkn,,,28.96911296,28.96911296,0,NaN,NaN,NaN,0,60,
B20,FAM,,Unkn,,,NaN,0,0,NaN,NaN,0,0,60,
B21,FAM,,Unkn,,,34.09122016,34.09122016,0,NaN,NaN,NaN,0,60,
B22,FAM,,Unkn,,,NaN,0,0,NaN,NaN,0,0,60,
B23,FAM,,Unkn,,,29.13078,29.13078,0,NaN,NaN,NaN,0,60,
B24,FAM,,Unkn,,,NaN,0,0,NaN,NaN,0,0,60,
C01,FAM,,Unkn,,,27.73923927,27.73923927,0,NaN,NaN,NaN,0,60,
C02,FAM,,Unkn,,,28.38212066,28.38212066,0,NaN,NaN,NaN,0,60,
C03,FAM,,Unkn,,,28.40341814,28.40341814,0,NaN,NaN,NaN,0,60,
C04,FAM,,Unkn,,,28.3090512,28.3090512,0,NaN,NaN,NaN,0,60,
C05,FAM,,Unkn,,,27.77987668,27.77987668,0,NaN,NaN,NaN,0,60,
C06,FAM,,Unkn,,,27.93514116,27.93514116,0,NaN,NaN,NaN,0,60,
C07,FAM,,Unkn,,,30.58730806,30.58730806,0,NaN,NaN,NaN,0,60,
C08,FAM,,Unkn,,,30.39346018,30.39346018,0,NaN,NaN,NaN,0,60,
C09,FAM,,Unkn,,,30.18165847,30.18165847,0,NaN,NaN,NaN,0,60,
C10,FAM,,Unkn,,,32.39443714,32.39443714,0,NaN,NaN,NaN,0,60,
C11,FAM,,Unkn,,,29.23606632,29.23606632,0,NaN,NaN,NaN,0,60,
C12,FAM,,Unkn,,,28.81932263,28.81932263,0,NaN,NaN,NaN,0,60,
C13,FAM,,Unkn,,,27.86339873,27.86339873,0,NaN,NaN,NaN,0,60,
C14,FAM,,Unkn,,,NaN,0,0,NaN,NaN,0,0,60,
C15,FAM,,Unkn,,,27.53994734,27.53994734,0,NaN,NaN,NaN,0,60,
C16,FAM,,Unkn,,,NaN,0,0,NaN,NaN,0,0,60,
C17,FAM,,Unkn,,,28.59545384,28.59545384,0,NaN,NaN,NaN,0,60,
C18,FAM,,Unkn,,,NaN,0,0,NaN,NaN,0,0,60,
C19,FAM,,Unkn,,,29.16916859,29.16916859,0,NaN,NaN,NaN,0,60,
C20,FAM,,Unkn,,,NaN,0,0,NaN,NaN,0,0,60,
C21,FAM,,Unkn,,,33.81525844,33.81525844,0,NaN,NaN,NaN,0,60,
C22,FAM,,Unkn,,,NaN,0,0,NaN,NaN,0,0,60,
C23,FAM,,Unkn,,,29.08389467,29.08389467,0,NaN,NaN,NaN,0,60,
C24,FAM,,Unkn,,,NaN,0,0,NaN,NaN,0,0,60,
D01,FAM,,Unkn,,,27.28030733,27.28030733,0,NaN,NaN,NaN,0,60,
D02,FAM,,Unkn,,,27.28089373,27.28089373,0,NaN,NaN,NaN,0,60,
D03,FAM,,Unkn,,,28.07928286,28.07928286,0,NaN,NaN,NaN,0,60,
D04,FAM,,Unkn,,,27.5257037,27.5257037,0,NaN,NaN,NaN,0,60,
D05,FAM,,Unkn,,,27.03900793,27.03900793,0,NaN,NaN,NaN,0,60,
D06,FAM,,Unkn,,,27.54573697,27.54573697,0,NaN,NaN,NaN,0,60,
D07,FAM,,Unkn,,,29.49603097,29.49603097,0,NaN,NaN,NaN,0,60,
D08,FAM,,Unkn,,,30.04424621,30.04424621,0,NaN,NaN,NaN,0,60,
D09,FAM,,Unkn,,,29.57989418,29.57989418,0,NaN,NaN,NaN,0,60,
D10,FAM,,Unkn,,,31.92043797,31.92043797,0,NaN,NaN,NaN,0,60,
D11,FAM,,Unkn,,,28.46727373,28.46727373,0,NaN,NaN,NaN,0,60,
D12,FAM,,Unkn,,,28.95546177,28.95546177,0,NaN,NaN,NaN,0,60,
D13,FAM,,Unkn,,,27.36974909,27.36974909,0,NaN,NaN,NaN,0,60,
D14,FAM,,Unkn,,,NaN,0,0,NaN,NaN,0,0,60,
D15,FAM,,Unkn,,,27.09176676,27.09176676,0,NaN,NaN,NaN,0,60,
D16,FAM,,Unkn,,,NaN,0,0,NaN,NaN,0,0,60,
D17,FAM,,Unkn,,,27.09496284,27.09496284,0,NaN,NaN,NaN,0,60,
D18,FAM,,Unkn,,,NaN,0,0,NaN,NaN,0,0,60,
D19,FAM,,Unkn,,,28.2257414,28.2257414,0,NaN,NaN,NaN,0,60,
D20,FAM,,Unkn,,,NaN,0,0,NaN,NaN,0,0,60,
D21,FAM,,Unkn,,,34.5163362,34.5163362,0,NaN,NaN,NaN,0,60,
D22,FAM,,Unkn,,,NaN,0,0,NaN,NaN,0,0,60,
D23,FAM,,Unkn,,,28.15551004,28.15551004,0,NaN,NaN,NaN,0,60,
D24,FAM,,Unkn,,,NaN,0,0,NaN,NaN,0,0,60,
E01,FAM,,Unkn,,,27.16980633,27.16980633,0,NaN,NaN,NaN,0,60,
E02,FAM,,Unkn,,,27.31736093,27.31736093,0,NaN,NaN,NaN,0,60,
E03,FAM,,Unkn,,,27.93314339,27.93314339,0,NaN,NaN,NaN,0,60,
E04,FAM,,Unkn,,,27.56803277,27.56803277,0,NaN,NaN,NaN,0,60,
E05,FAM,,Unkn,,,26.72050218,26.72050218,0,NaN,NaN,NaN,0,60,
E06,FAM,,Unkn,,,27.50646826,27.50646826,0,NaN,NaN,NaN,0,60,
E07,FAM,,Unkn,,,29.26292084,29.26292084,0,NaN,NaN,NaN,0,60,
E08,FAM,,Unkn,,,29.82187227,29.82187227,0,NaN,NaN,NaN,0,60,
E09,FAM,,Unkn,,,29.51890365,29.51890365,0,NaN,NaN,NaN,0,60,
E10,FAM,,Unkn,,,31.44967314,31.44967314,0,NaN,NaN,NaN,0,60,
E11,FAM,,Unkn,,,28.37468053,28.37468053,0,NaN,NaN,NaN,0,60,
E12,FAM,,Unkn,,,28.58256255,28.58256255,0,NaN,NaN,NaN,0,60,
E13,FAM,,Unkn,,,27.1077915,27.1077915,0,NaN,NaN,NaN,0,60,
E14,FAM,,Unkn,,,NaN,0,0,NaN,NaN,0,0,60,
E15,FAM,,Unkn,,,26.94851932,26.94851932,0,NaN,NaN,NaN,0,60,
E16,FAM,,Unkn,,,NaN,0,0,NaN,NaN,0,0,60,
E17,FAM,,Unkn,,,27.34152108,27.34152108,0,NaN,NaN,NaN,0,60,
E18,FAM,,Unkn,,,NaN,0,0,NaN,NaN,0,0,60,
E19,FAM,,Unkn,,,28.12870248,28.12870248,0,NaN,NaN,NaN,0,60,
E20,FAM,,Unkn,,,NaN,0,0,NaN,NaN,0,0,60,
E21,FAM,,Unkn,,,34.23713787,34.23713787,0,NaN,NaN,NaN,0,60,
E22,FAM,,Unkn,,,NaN,0,0,NaN,NaN,0,0,60,
E23,FAM,,Unkn,,,28.52613672,28.52613672,0,NaN,NaN,NaN,0,60,
E24,FAM,,Unkn,,,NaN,0,0,NaN,NaN,0,0,60,
F01,FAM,,Unkn,,,27.21839761,27.21839761,0,NaN,NaN,NaN,0,60,
F02,FAM,,Unkn,,,27.33070065,27.33070065,0,NaN,NaN,NaN,0,60,
F03,FAM,,Unkn,,,27.89384634,27.89384634,0,NaN,NaN,NaN,0,60,
F04,FAM,,Unkn,,,27.4605119,27.4605119,0,NaN,NaN,NaN,0,60,
F05,FAM,,Unkn,,,26.94031454,26.94031454,0,NaN,NaN,NaN,0,60,
F06,FAM,,Unkn,,,27.48858155,27.48858155,0,NaN,NaN,NaN,0,60,
F07,FAM,,Unkn,,,29.34379674,29.34379674,0,NaN,NaN,NaN,0,60,
F08,FAM,,Unkn,,,29.79836452,29.79836452,0,NaN,NaN,NaN,0,60,
F09,FAM,,Unkn,,,29.4925141,29.4925141,0,NaN,NaN,NaN,0,60,
F10,FAM,,Unkn,,,31.52052383,31.52052383,0,NaN,NaN,NaN,0,60,
F11,FAM,,Unkn,,,28.39767862,28.39767862,0,NaN,NaN,NaN,0,60,
F12,FAM,,Unkn,,,28.79504118,28.79504118,0,NaN,NaN,NaN,0,60,
F13,FAM,,Unkn,,,27.08056407,27.08056407,0,NaN,NaN,NaN,0,60,
F14,FAM,,Unkn,,,NaN,0,0,NaN,NaN,0,0,60,
F15,FAM,,Unkn,,,26.93983028,26.93983028,0,NaN,NaN,NaN,0,60,
F16,FAM,,Unkn,,,NaN,0,0,NaN,NaN,0,0,60,
F17,FAM,,Unkn,,,27.34922449,27.34922449,0,NaN,NaN,NaN,0,60,
F18,FAM,,Unkn,,,NaN,0,0,NaN,NaN,0,0,60,
F19,FAM,,Unkn,,,28.20063575,28.20063575,0,NaN,NaN,NaN,0,60,
F20,FAM,,Unkn,,,NaN,0,0,NaN,NaN,0,0,60,
F21,FAM,,Unkn,,,34.34932159,34.34932159,0,NaN,NaN,NaN,0,60,
F22,FAM,,Unkn,,,NaN,0,0,NaN,NaN,0,0,60,
F23,FAM,,Unkn,,,28.47859265,28.47859265,0,NaN,NaN,NaN,0,60,
F24,FAM,,Unkn,,,NaN,0,0,NaN,NaN,0,0,60,
G01,FAM,,Unkn,,,28.3979217,28.3979217,0,NaN,NaN,NaN,0,60,
G02,FAM,,Unkn,,,28.7228955,28.7228955,0,NaN,NaN,NaN,0,60,
G03,FAM,,Unkn,,,29.50814356,29.50814356,0,NaN,NaN,NaN,0,60,
G04,FAM,,Unkn,,,28.98992481,28.98992481,0,NaN,NaN,NaN,0,60,
G05,FAM,,Unkn,,,28.22975391,28.22975391,0,NaN,NaN,NaN,0,60,
G06,FAM,,Unkn,,,28.85833452,28.85833452,0,NaN,NaN,NaN,0,60,
G07,FAM,,Unkn,,,29.92521103,29.92521103,0,NaN,NaN,NaN,0,60,
G08,FAM,,Unkn,,,30.56087407,30.56087407,0,NaN,NaN,NaN,0,60,
G09,FAM,,Unkn,,,31.03228765,31.03228765,0,NaN,NaN,NaN,0,60,
G10,FAM,,Unkn,,,32.15816167,32.15816167,0,NaN,NaN,NaN,0,60,
G11,FAM,,Unkn,,,29.86340828,29.86340828,0,NaN,NaN,NaN,0,60,
G12,FAM,,Unkn,,,29.63828695,29.63828695,0,NaN,NaN,NaN,0,60,
G13,FAM,,Unkn,,,28.61605989,28.61605989,0,NaN,NaN,NaN,0,60,
G14,FAM,,Unkn,,,NaN,0,0,NaN,NaN,0,0,60,
G15,FAM,,Unkn,,,28.41350269,28.41350269,0,NaN,NaN,NaN,0,60,
G16,FAM,,Unkn,,,NaN,0,0,NaN,NaN,0,0,60,
G17,FAM,,Unkn,,,29.42043374,29.42043374,0,NaN,NaN,NaN,0,60,
G18,FAM,,Unkn,,,NaN,0,0,NaN,NaN,0,0,60,
G19,FAM,,Unkn,,,28.94389544,28.94389544,0,NaN,NaN,NaN,0,60,
G20,FAM,,Unkn,,,NaN,0,0,NaN,NaN,0,0,60,
G21,FAM,,Unkn,,,35.14547832,35.14547832,0,NaN,NaN,NaN,0,60,
G22,FAM,,Unkn,,,NaN,0,0,NaN,NaN,0,0,60,
G23,FAM,,Unkn,,,29.75720532,29.75720532,0,NaN,NaN,NaN,0,60,
G24,FAM,,Unkn,,,NaN,0,0,NaN,NaN,0,0,60,
H01,FAM,,Unkn,,,28.23862494,28.23862494,0,NaN,NaN,NaN,0,60,
H02,FAM,,Unkn,,,28.57893425,28.57893425,0,NaN,NaN,NaN,0,60,
H03,FAM,,Unkn,,,29.21790124,29.21790124,0,NaN,NaN,NaN,0,60,
H04,FAM,,Unkn,,,28.81271075,28.81271075,0,NaN,NaN,NaN,0,60,
H05,FAM,,Unkn,,,28.13763278,28.13763278,0,NaN,NaN,NaN,0,60,
H06,FAM,,Unkn,,,28.7551011,28.7551011,0,NaN,NaN,NaN,0,60,
H07,FAM,,Unkn,,,29.7603641,29.7603641,0,NaN,NaN,NaN,0,60,
H08,FAM,,Unkn,,,30.23253064,30.23253064,0,NaN,NaN,NaN,0,60,
H09,FAM,,Unkn,,,30.63764341,30.63764341,0,NaN,NaN,NaN,0,60,
H10,FAM,,Unkn,,,32.33649724,32.33649724,0,NaN,NaN,NaN,0,60,
H11,FAM,,Unkn,,,29.64684821,29.64684821,0,NaN,NaN,NaN,0,60,
H12,FAM,,Unkn,,,29.46191567,29.46191567,0,NaN,NaN,NaN,0,60,
H13,FAM,,Unkn,,,28.52310417,28.52310417,0,NaN,NaN,NaN,0,60,
H14,FAM,,Unkn,,,NaN,0,0,NaN,NaN,0,0,60,
H15,FAM,,Unkn,,,28.40504737,28.40504737,0,NaN,NaN,NaN,0,60,
H16,FAM,,Unkn,,,NaN,0,0,NaN,NaN,0,0,60,
H17,FAM,,Unkn,,,29.34731958,29.34731958,0,NaN,NaN,NaN,0,60,
H18,FAM,,Unkn,,,NaN,0,0,NaN,NaN,0,0,60,
H19,FAM,,Unkn,,,28.70006333,28.70006333,0,NaN,NaN,NaN,0,60,
H20,FAM,,Unkn,,,NaN,0,0,NaN,NaN,0,0,60,
H21,FAM,,Unkn,,,35.46305525,35.46305525,0,NaN,NaN,NaN,0,60,
H22,FAM,,Unkn,,,NaN,0,0,NaN,NaN,0,0,60,
H23,FAM,,Unkn,,,29.69126213,29.69126213,0,NaN,NaN,NaN,0,60,
H24,FAM,,Unkn,,,NaN,0,0,NaN,NaN,0,0,60,
I01,FAM,,Unkn,,,28.13014739,28.13014739,0,NaN,NaN,NaN,0,60,
I02,FAM,,Unkn,,,28.53365478,28.53365478,0,NaN,NaN,NaN,0,60,
I03,FAM,,Unkn,,,29.25602536,29.25602536,0,NaN,NaN,NaN,0,60,
I04,FAM,,Unkn,,,29.03677288,29.03677288,0,NaN,NaN,NaN,0,60,
I05,FAM,,Unkn,,,28.22361809,28.22361809,0,NaN,NaN,NaN,0,60,
I06,FAM,,Unkn,,,28.86030645,28.86030645,0,NaN,NaN,NaN,0,60,
I07,FAM,,Unkn,,,29.62635988,29.62635988,0,NaN,NaN,NaN,0,60,
I08,FAM,,Unkn,,,30.76555482,30.76555482,0,NaN,NaN,NaN,0,60,
I09,FAM,,Unkn,,,30.86026453,30.86026453,0,NaN,NaN,NaN,0,60,
I10,FAM,,Unkn,,,32.62069839,32.62069839,0,NaN,NaN,NaN,0,60,
I11,FAM,,Unkn,,,29.68444912,29.68444912,0,NaN,NaN,NaN,0,60,
I12,FAM,,Unkn,,,29.66688217,29.66688217,0,NaN,NaN,NaN,0,60,
I13,FAM,,Unkn,,,28.70967407,28.70967407,0,NaN,NaN,NaN,0,60,
I14,FAM,,Unkn,,,NaN,0,0,NaN,NaN,0,0,60,
I15,FAM,,Unkn,,,28.39908777,28.39908777,0,NaN,NaN,NaN,0,60,
I16,FAM,,Unkn,,,NaN,0,0,NaN,NaN,0,0,60,
I17,FAM,,Unkn,,,29.58632336,29.58632336,0,NaN,NaN,NaN,0,60,
I18,FAM,,Unkn,,,NaN,0,0,NaN,NaN,0,0,60,
I19,FAM,,Unkn,,,28.90101679,28.90101679,0,NaN,NaN,NaN,0,60,
I20,FAM,,Unkn,,,NaN,0,0,NaN,NaN,0,0,60,
I21,FAM,,Unkn,,,35.29362927,35.29362927,0,NaN,NaN,NaN,0,60,
I22,FAM,,Unkn,,,NaN,0,0,NaN,NaN,0,0,60,
I23,FAM,,Unkn,,,29.65543928,29.65543928,0,NaN,NaN,NaN,0,60,
I24,FAM,,Unkn,,,NaN,0,0,NaN,NaN,0,0,60,
J01,FAM,,Unkn,,,29.79278768,29.79278768,0,NaN,NaN,NaN,0,60,
J02,FAM,,Unkn,,,29.77818817,29.77818817,0,NaN,NaN,NaN,0,60,
J03,FAM,,Unkn,,,30.48396459,30.48396459,0,NaN,NaN,NaN,0,60,
J04,FAM,,Unkn,,,30.20893579,30.20893579,0,NaN,NaN,NaN,0,60,
J05,FAM,,Unkn,,,29.72119551,29.72119551,0,NaN,NaN,NaN,0,60,
J06,FAM,,Unkn,,,29.68712634,29.68712634,0,NaN,NaN,NaN,0,60,
J07,FAM,,Unkn,,,31.3818098,31.3818098,0,NaN,NaN,NaN,0,60,
J08,FAM,,Unkn,,,31.57345701,31.57345701,0,NaN,NaN,NaN,0,60,
J09,FAM,,Unkn,,,30.50550437,30.50550437,0,NaN,NaN,NaN,0,60,
J10,FAM,,Unkn,,,32.17251046,32.17251046,0,NaN,NaN,NaN,0,60,
J11,FAM,,Unkn,,,30.04217858,30.04217858,0,NaN,NaN,NaN,0,60,
J12,FAM,,Unkn,,,29.69910014,29.69910014,0,NaN,NaN,NaN,0,60,
J13,FAM,,Unkn,,,29.74189854,29.74189854,0,NaN,NaN,NaN,0,60,
J14,FAM,,Unkn,,,NaN,0,0,NaN,NaN,0,0,60,
J15,FAM,,Unkn,,,29.33376699,29.33376699,0,NaN,NaN,NaN,0,60,
J16,FAM,,Unkn,,,NaN,0,0,NaN,NaN,0,0,60,
J17,FAM,,Unkn,,,29.93823319,29.93823319,0,NaN,NaN,NaN,0,60,
J18,FAM,,Unkn,,,NaN,0,0,NaN,NaN,0,0,60,
J19,FAM,,Unkn,,,29.94281706,29.94281706,0,NaN,NaN,NaN,0,60,
J20,FAM,,Unkn,,,NaN,0,0,NaN,NaN,0,0,60,
J21,FAM,,Unkn,,,35.38517782,35.38517782,0,NaN,NaN,NaN,0,60,
J22,FAM,,Unkn,,,NaN,0,0,NaN,NaN,0,0,60,
J23,FAM,,Unkn,,,29.95951837,29.95951837,0,NaN,NaN,NaN,0,60,
J24,FAM,,Unkn,,,NaN,0,0,NaN,NaN,0,0,60,
K01,FAM,,Unkn,,,30.09669184,30.09669184,0,NaN,NaN,NaN,0,60,
K02,FAM,,Unkn,,,29.63695193,29.63695193,0,NaN,NaN,NaN,0,60,
K03,FAM,,Unkn,,,30.56600259,30.56600259,0,NaN,NaN,NaN,0,60,
K04,FAM,,Unkn,,,30.43016749,30.43016749,0,NaN,NaN,NaN,0,60,
K05,FAM,,Unkn,,,29.74491358,29.74491358,0,NaN,NaN,NaN,0,60,
K06,FAM,,Unkn,,,30.12927571,30.12927571,0,NaN,NaN,NaN,0,60,
K07,FAM,,Unkn,,,31.1624973,31.1624973,0,NaN,NaN,NaN,0,60,
K08,FAM,,Unkn,,,31.69797628,31.69797628,0,NaN,NaN,NaN,0,60,
K09,FAM,,Unkn,,,30.70437269,30.70437269,0,NaN,NaN,NaN,0,60,
K10,FAM,,Unkn,,,32.28443623,32.28443623,0,NaN,NaN,NaN,0,60,
K11,FAM,,Unkn,,,30.13087257,30.13087257,0,NaN,NaN,NaN,0,60,
K12,FAM,,Unkn,,,29.70207603,29.70207603,0,NaN,NaN,NaN,0,60,
K13,FAM,,Unkn,,,30.20744833,30.20744833,0,NaN,NaN,NaN,0,60,
K14,FAM,,Unkn,,,NaN,0,0,NaN,NaN,0,0,60,
K15,FAM,,Unkn,,,29.33217088,29.33217088,0,NaN,NaN,NaN,0,60,
K16,FAM,,Unkn,,,NaN,0,0,NaN,NaN,0,0,60,
K17,FAM,,Unkn,,,30.28523155,30.28523155,0,NaN,NaN,NaN,0,60,
K18,FAM,,Unkn,,,NaN,0,0,NaN,NaN,0,0,60,
K19,FAM,,Unkn,,,29.85224611,29.85224611,0,NaN,NaN,NaN,0,60,
K20,FAM,,Unkn,,,NaN,0,0,NaN,NaN,0,0,60,
K21,FAM,,Unkn,,,36.10608601,36.10608601,0,NaN,NaN,NaN,0,60,
K22,FAM,,Unkn,,,NaN,0,0,NaN,NaN,0,0,60,
K23,FAM,,Unkn,,,29.64482204,29.64482204,0,NaN,NaN,NaN,0,60,
K24,FAM,,Unkn,,,NaN,0,0,NaN,NaN,0,0,60,
L01,FAM,,Unkn,,,29.83332823,29.83332823,0,NaN,NaN,NaN,0,60,
L02,FAM,,Unkn,,,30.12151919,30.12151919,0,NaN,NaN,NaN,0,60,
L03,FAM,,Unkn,,,30.87253089,30.87253089,0,NaN,NaN,NaN,0,60,
L04,FAM,,Unkn,,,30.20194553,30.20194553,0,NaN,NaN,NaN,0,60,
L05,FAM,,Unkn,,,29.78000107,29.78000107,0,NaN,NaN,NaN,0,60,
L06,FAM,,Unkn,,,30.08141755,30.08141755,0,NaN,NaN,NaN,0,60,
L07,FAM,,Unkn,,,31.72076959,31.72076959,0,NaN,NaN,NaN,0,60,
L08,FAM,,Unkn,,,31.54720707,31.54720707,0,NaN,NaN,NaN,0,60,
L09,FAM,,Unkn,,,31.03104456,31.03104456,0,NaN,NaN,NaN,0,60,
L10,FAM,,Unkn,,,32.66568026,32.66568026,0,NaN,NaN,NaN,0,60,
L11,FAM,,Unkn,,,30.78140928,30.78140928,0,NaN,NaN,NaN,0,60,
L12,FAM,,Unkn,,,29.97243472,29.97243472,0,NaN,NaN,NaN,0,60,
L13,FAM,,Unkn,,,30.15408272,30.15408272,0,NaN,NaN,NaN,0,60,
L14,FAM,,Unkn,,,NaN,0,0,NaN,NaN,0,0,60,
L15,FAM,,Unkn,,,29.50478341,29.50478341,0,NaN,NaN,NaN,0,60,
L16,FAM,,Unkn,,,NaN,0,0,NaN,NaN,0,0,60,
L17,FAM,,Unkn,,,30.37999574,30.37999574,0,NaN,NaN,NaN,0,60,
L18,FAM,,Unkn,,,NaN,0,0,NaN,NaN,0,0,60,
L19,FAM,,Unkn,,,29.87222906,29.87222906,0,NaN,NaN,NaN,0,60,
L20,FAM,,Unkn,,,NaN,0,0,NaN,NaN,0,0,60,
L21,FAM,,Unkn,,,35.42744153,35.42744153,0,NaN,NaN,NaN,0,60,
L22,FAM,,Unkn,,,NaN,0,0,NaN,NaN,0,0,60,
L23,FAM,,Unkn,,,29.97358794,29.97358794,0,NaN,NaN,NaN,0,60,
L24,FAM,,Unkn,,,NaN,0,0,NaN,NaN,0,0,60,
M01,FAM,,Unkn,,,30.37584157,30.37584157,0,NaN,NaN,NaN,0,60,
M02,FAM,,Unkn,,,30.34852828,30.34852828,0,NaN,NaN,NaN,0,60,
M03,FAM,,Unkn,,,31.36555104,31.36555104,0,NaN,NaN,NaN,0,60,
M04,FAM,,Unkn,,,31.04673254,31.04673254,0,NaN,NaN,NaN,0,60,
M05,FAM,,Unkn,,,30.34555209,30.34555209,0,NaN,NaN,NaN,0,60,
M06,FAM,,Unkn,,,30.75745547,30.75745547,0,NaN,NaN,NaN,0,60,
M07,FAM,,Unkn,,,32.51586531,32.51586531,0,NaN,NaN,NaN,0,60,
M08,FAM,,Unkn,,,32.87678682,32.87678682,0,NaN,NaN,NaN,0,60,
M09,FAM,,Unkn,,,32.68786574,32.68786574,0,NaN,NaN,NaN,0,60,
M10,FAM,,Unkn,,,34.46782804,34.46782804,0,NaN,NaN,NaN,0,60,
M11,FAM,,Unkn,,,31.28771506,31.28771506,0,NaN,NaN,NaN,0,60,
M12,FAM,,Unkn,,,31.39759606,31.39759606,0,NaN,NaN,NaN,0,60,
M13,FAM,,Unkn,,,30.73837593,30.73837593,0,NaN,NaN,NaN,0,60,
M14,FAM,,Unkn,,,NaN,0,0,NaN,NaN,0,0,60,
M15,FAM,,Unkn,,,29.99368854,29.99368854,0,NaN,NaN,NaN,0,60,
M16,FAM,,Unkn,,,NaN,0,0,NaN,NaN,0,0,60,
M17,FAM,,Unkn,,,30.96528035,30.96528035,0,NaN,NaN,NaN,0,60,
M18,FAM,,Unkn,,,NaN,0,0,NaN,NaN,0,0,60,
M19,FAM,,Unkn,,,31.60727435,31.60727435,0,NaN,NaN,NaN,0,60,
M20,FAM,,Unkn,,,NaN,0,0,NaN,NaN,0,0,60,
M21,FAM,,Unkn,,,36.31210236,36.31210236,0,NaN,NaN,NaN,0,60,
M22,FAM,,Unkn,,,NaN,0,0,NaN,NaN,0,0,60,
M23,FAM,,Unkn,,,31.40440248,31.40440248,0,NaN,NaN,NaN,0,60,
M24,FAM,,Unkn,,,NaN,0,0,NaN,NaN,0,0,60,
N01,FAM,,Unkn,,,30.48205426,30.48205426,0,NaN,NaN,NaN,0,60,
N02,FAM,,Unkn,,,30.33549734,30.33549734,0,NaN,NaN,NaN,0,60,
N03,FAM,,Unkn,,,31.48265395,31.48265395,0,NaN,NaN,NaN,0,60,
N04,FAM,,Unkn,,,31.03281144,31.03281144,0,NaN,NaN,NaN,0,60,
N05,FAM,,Unkn,,,30.06404015,30.06404015,0,NaN,NaN,NaN,0,60,
N06,FAM,,Unkn,,,30.53129843,30.53129843,0,NaN,NaN,NaN,0,60,
N07,FAM,,Unkn,,,32.46173517,32.46173517,0,NaN,NaN,NaN,0,60,
N08,FAM,,Unkn,,,32.91586568,32.91586568,0,NaN,NaN,NaN,0,60,
N09,FAM,,Unkn,,,32.81446173,32.81446173,0,NaN,NaN,NaN,0,60,
N10,FAM,,Unkn,,,35.00212561,35.00212561,0,NaN,NaN,NaN,0,60,
N11,FAM,,Unkn,,,31.32678784,31.32678784,0,NaN,NaN,NaN,0,60,
N12,FAM,,Unkn,,,31.27186652,31.27186652,0,NaN,NaN,NaN,0,60,
N13,FAM,,Unkn,,,31.14614606,31.14614606,0,NaN,NaN,NaN,0,60,
N14,FAM,,Unkn,,,NaN,0,0,NaN,NaN,0,0,60,
N15,FAM,,Unkn,,,30.16501521,30.16501521,0,NaN,NaN,NaN,0,60,
N16,FAM,,Unkn,,,NaN,0,0,NaN,NaN,0,0,60,
N17,FAM,,Unkn,,,30.95329239,30.95329239,0,NaN,NaN,NaN,0,60,
N18,FAM,,Unkn,,,NaN,0,0,NaN,NaN,0,0,60,
N19,FAM,,Unkn,,,31.51927285,31.51927285,0,NaN,NaN,NaN,0,60,
N20,FAM,,Unkn,,,NaN,0,0,NaN,NaN,0,0,60,
N21,FAM,,Unkn,,,35.87555767,35.87555767,0,NaN,NaN,NaN,0,60,
N22,FAM,,Unkn,,,NaN,0,0,NaN,NaN,0,0,60,
N23,FAM,,Unkn,,,31.38897776,31.38897776,0,NaN,NaN,NaN,0,60,
N24,FAM,,Unkn,,,NaN,0,0,NaN,NaN,0,0,60,
O01,FAM,,Unkn,,,30.59605013,30.59605013,0,NaN,NaN,NaN,0,60,
O02,FAM,,Unkn,,,30.50914038,30.50914038,0,NaN,NaN,NaN,0,60,
O03,FAM,,Unkn,,,31.2382045,31.2382045,0,NaN,NaN,NaN,0,60,
O04,FAM,,Unkn,,,31.24974021,31.24974021,0,NaN,NaN,NaN,0,60,
O05,FAM,,Unkn,,,30.2215427,30.2215427,0,NaN,NaN,NaN,0,60,
O06,FAM,,Unkn,,,30.58875467,30.58875467,0,NaN,NaN,NaN,0,60,
O07,FAM,,Unkn,,,32.99694215,32.99694215,0,NaN,NaN,NaN,0,60,
O08,FAM,,Unkn,,,32.85127042,32.85127042,0,NaN,NaN,NaN,0,60,
O09,FAM,,Unkn,,,32.65733791,32.65733791,0,NaN,NaN,NaN,0,60,
O10,FAM,,Unkn,,,34.61246984,34.61246984,0,NaN,NaN,NaN,0,60,
O11,FAM,,Unkn,,,31.54643899,31.54643899,0,NaN,NaN,NaN,0,60,
O12,FAM,,Unkn,,,31.48575433,31.48575433,0,NaN,NaN,NaN,0,60,
O13,FAM,,Unkn,,,31.04238567,31.04238567,0,NaN,NaN,NaN,0,60,
O14,FAM,,Unkn,,,NaN,0,0,NaN,NaN,0,0,60,
O15,FAM,,Unkn,,,30.21160043,30.21160043,0,NaN,NaN,NaN,0,60,
O16,FAM,,Unkn,,,NaN,0,0,NaN,NaN,0,0,60,
O17,FAM,,Unkn,,,31.18200321,31.18200321,0,NaN,NaN,NaN,0,60,
O18,FAM,,Unkn,,,NaN,0,0,NaN,NaN,0,0,60,
O19,FAM,,Unkn,,,31.2871898,31.2871898,0,NaN,NaN,NaN,0,60,
O20,FAM,,Unkn,,,NaN,0,0,NaN,NaN,0,0,60,
O21,FAM,,Unkn,,,37.02316452,37.02316452,0,NaN,NaN,NaN,0,60,
O22,FAM,,Unkn,,,NaN,0,0,NaN,NaN,0,0,60,
O23,FAM,,Unkn,,,31.6127831,31.6127831,0,NaN,NaN,NaN,0,60,
O24,FAM,,Unkn,,,NaN,0,0,NaN,NaN,0,0,60,
P01,FAM,,Unkn,,,NaN,0,0,NaN,NaN,0,0,60,
P02,FAM,,Unkn,,,NaN,0,0,NaN,NaN,0,0,60,
P03,FAM,,Unkn,,,NaN,0,0,NaN,NaN,0,0,60,
P04,FAM,,Unkn,,,NaN,0,0,NaN,NaN,0,0,60,
P05,FAM,,Unkn,,,NaN,0,0,NaN,NaN,0,0,60,
P06,FAM,,Unkn,,,NaN,0,0,NaN,NaN,0,0,60,
P07,FAM,,Unkn,,,NaN,0,0,NaN,NaN,0,0,60,
P08,FAM,,Unkn,,,NaN,0,0,NaN,NaN,0,0,60,
P09,FAM,,Unkn,,,NaN,0,0,NaN,NaN,0,0,60,
P10,FAM,,Unkn,,,NaN,0,0,NaN,NaN,0,0,60,
P11,FAM,,Unkn,,,NaN,0,0,NaN,NaN,0,0,60,
P12,FAM,,Unkn,,,NaN,0,0,NaN,NaN,0,0,60,
P13,FAM,,Unkn,,,NaN,0,0,NaN,NaN,0,0,60,
P14,FAM,,Unkn,,,NaN,0,0,NaN,NaN,0,0,60,
P15,FAM,,Unkn,,,NaN,0,0,NaN,NaN,0,0,60,
P16,FAM,,Unkn,,,NaN,0,0,NaN,NaN,0,0,60,
P17,FAM,,Unkn,,,NaN,0,0,NaN,NaN,0,0,60,
P18,FAM,,Unkn,,,NaN,0,0,NaN,NaN,0,0,60,
P19,FAM,,Unkn,,,NaN,0,0,NaN,NaN,0,0,60,
P20,FAM,,Unkn,,,NaN,0,0,NaN,NaN,0,0,60,
P21,FAM,,Unkn,,,NaN,0,0,NaN,NaN,0,0,60,
P22,FAM,,Unkn,,,NaN,0,0,NaN,NaN,0,0,60,
P23,FAM,,Unkn,,,NaN,0,0,NaN,NaN,0,0,60,
P24,FAM,,Unkn,,,NaN,0,0,NaN,NaN,0,0,60,
A01,HEX,,Unkn,,,27.67500123,27.67500123,0,NaN,NaN,NaN,0,60,
A02,HEX,,Unkn,,,27.68080976,27.68080976,0,NaN,NaN,NaN,0,60,
A03,HEX,,Unkn,,,27.86389377,27.86389377,0,NaN,NaN,NaN,0,60,
A04,HEX,,Unkn,,,28.07535996,28.07535996,0,NaN,NaN,NaN,0,60,
A05,HEX,,Unkn,,,27.55719398,27.55719398,0,NaN,NaN,NaN,0,60,
A06,HEX,,Unkn,,,27.33886957,27.33886957,0,NaN,NaN,NaN,0,60,
A07,HEX,,Unkn,,,29.34093085,29.34093085,0,NaN,NaN,NaN,0,60,
A08,HEX,,Unkn,,,29.23856602,29.23856602,0,NaN,NaN,NaN,0,60,
A09,HEX,,Unkn,,,29.3362786,29.3362786,0,NaN,NaN,NaN,0,60,
A10,HEX,,Unkn,,,30.28136133,30.28136133,0,NaN,NaN,NaN,0,60,
A11,HEX,,Unkn,,,28.46384138,28.46384138,0,NaN,NaN,NaN,0,60,
A12,HEX,,Unkn,,,28.12350502,28.12350502,0,NaN,NaN,NaN,0,60,
A13,HEX,,Unkn,,,28.17570972,28.17570972,0,NaN,NaN,NaN,0,60,
A14,HEX,,Unkn,,,NaN,0,0,NaN,NaN,0,0,60,
A15,HEX,,Unkn,,,27.39278173,27.39278173,0,NaN,NaN,NaN,0,60,
A16,HEX,,Unkn,,,NaN,0,0,NaN,NaN,0,0,60,
A17,HEX,,Unkn,,,27.601827,27.601827,0,NaN,NaN,NaN,0,60,
A18,HEX,,Unkn,,,NaN,0,0,NaN,NaN,0,0,60,
A19,HEX,,Unkn,,,27.77508808,27.77508808,0,NaN,NaN,NaN,0,60,
A20,HEX,,Unkn,,,NaN,0,0,NaN,NaN,0,0,60,
A21,HEX,,Unkn,,,33.8805491,33.8805491,0,NaN,NaN,NaN,0,60,
A22,HEX,,Unkn,,,NaN,0,0,NaN,NaN,0,0,60,
A23,HEX,,Unkn,,,28.6204876,28.6204876,0,NaN,NaN,NaN,0,60,
A24,HEX,,Unkn,,,NaN,0,0,NaN,NaN,0,0,60,
B01,HEX,,Unkn,,,27.66157558,27.66157558,0,NaN,NaN,NaN,0,60,
B02,HEX,,Unkn,,,27.41528433,27.41528433,0,NaN,NaN,NaN,0,60,
B03,HEX,,Unkn,,,27.58928014,27.58928014,0,NaN,NaN,NaN,0,60,
B04,HEX,,Unkn,,,27.91611909,27.91611909,0,NaN,NaN,NaN,0,60,
B05,HEX,,Unkn,,,27.29957071,27.29957071,0,NaN,NaN,NaN,0,60,
B06,HEX,,Unkn,,,27.3692425,27.3692425,0,NaN,NaN,NaN,0,60,
B07,HEX,,Unkn,,,29.14769004,29.14769004,0,NaN,NaN,NaN,0,60,
B08,HEX,,Unkn,,,29.00782631,29.00782631,0,NaN,NaN,NaN,0,60,
B09,HEX,,Unkn,,,29.17831934,29.17831934,0,NaN,NaN,NaN,0,60,
B10,HEX,,Unkn,,,30.12301266,30.12301266,0,NaN,NaN,NaN,0,60,
B11,HEX,,Unkn,,,28.35522493,28.35522493,0,NaN,NaN,NaN,0,60,
B12,HEX,,Unkn,,,27.98648757,27.98648757,0,NaN,NaN,NaN,0,60,
B13,HEX,,Unkn,,,27.60422962,27.60422962,0,NaN,NaN,NaN,0,60,
B14,HEX,,Unkn,,,NaN,0,0,NaN,NaN,0,0,60,
B15,HEX,,Unkn,,,27.09524751,27.09524751,0,NaN,NaN,NaN,0,60,
B16,HEX,,Unkn,,,NaN,0,0,NaN,NaN,0,0,60,
B17,HEX,,Unkn,,,27.45595262,27.45595262,0,NaN,NaN,NaN,0,60,
B18,HEX,,Unkn,,,NaN,0,0,NaN,NaN,0,0,60,
B19,HEX,,Unkn,,,27.6278795,27.6278795,0,NaN,NaN,NaN,0,60,
B20,HEX,,Unkn,,,NaN,0,0,NaN,NaN,0,0,60,
B21,HEX,,Unkn,,,33.62191051,33.62191051,0,NaN,NaN,NaN,0,60,
B22,HEX,,Unkn,,,NaN,0,0,NaN,NaN,0,0,60,
B23,HEX,,Unkn,,,28.04280529,28.04280529,0,NaN,NaN,NaN,0,60,
B24,HEX,,Unkn,,,NaN,0,0,NaN,NaN,0,0,60,
C01,HEX,,Unkn,,,27.42362526,27.42362526,0,NaN,NaN,NaN,0,60,
C02,HEX,,Unkn,,,27.56079691,27.56079691,0,NaN,NaN,NaN,0,60,
C03,HEX,,Unkn,,,27.52361469,27.52361469,0,NaN,NaN,NaN,0,60,
C04,HEX,,Unkn,,,27.56570231,27.56570231,0,NaN,NaN,NaN,0,60,
C05,HEX,,Unkn,,,27.29831958,27.29831958,0,NaN,NaN,NaN,0,60,
C06,HEX,,Unkn,,,27.19184464,27.19184464,0,NaN,NaN,NaN,0,60,
C07,HEX,,Unkn,,,29.04352821,29.04352821,0,NaN,NaN,NaN,0,60,
C08,HEX,,Unkn,,,29.00775195,29.00775195,0,NaN,NaN,NaN,0,60,
C09,HEX,,Unkn,,,28.88007262,28.88007262,0,NaN,NaN,NaN,0,60,
C10,HEX,,Unkn,,,30.15659845,30.15659845,0,NaN,NaN,NaN,0,60,
C11,HEX,,Unkn,,,28.22074521,28.22074521,0,NaN,NaN,NaN,0,60,
C12,HEX,,Unkn,,,27.81440243,27.81440243,0,NaN,NaN,NaN,0,60,
C13,HEX,,Unkn,,,27.61494158,27.61494158,0,NaN,NaN,NaN,0,60,
C14,HEX,,Unkn,,,NaN,0,0,NaN,NaN,0,0,60,
C15,HEX,,Unkn,,,27.02222612,27.02222612,0,NaN,NaN,NaN,0,60,
C16,HEX,,Unkn,,,NaN,0,0,NaN,NaN,0,0,60,
C17,HEX,,Unkn,,,27.56624933,27.56624933,0,NaN,NaN,NaN,0,60,
C18,HEX,,Unkn,,,NaN,0,0,NaN,NaN,0,0,60,
C19,HEX,,Unkn,,,27.55952858,27.55952858,0,NaN,NaN,NaN,0,60,
C20,HEX,,Unkn,,,NaN,0,0,NaN,NaN,0,0,60,
C21,HEX,,Unkn,,,33.61473441,33.61473441,0,NaN,NaN,NaN,0,60,
C22,HEX,,Unkn,,,NaN,0,0,NaN,NaN,0,0,60,
C23,HEX,,Unkn,,,28.13570558,28.13570558,0,NaN,NaN,NaN,0,60,
C24,HEX,,Unkn,,,NaN,0,0,NaN,NaN,0,0,60,
D01,HEX,,Unkn,,,27.67839,27.67839,0,NaN,NaN,NaN,0,60,
D02,HEX,,Unkn,,,27.63600224,27.63600224,0,NaN,NaN,NaN,0,60,
D03,HEX,,Unkn,,,27.94569282,27.94569282,0,NaN,NaN,NaN,0,60,
D04,HEX,,Unkn,,,27.91984607,27.91984607,0,NaN,NaN,NaN,0,60,
D05,HEX,,Unkn,,,27.45497342,27.45497342,0,NaN,NaN,NaN,0,60,
D06,HEX,,Unkn,,,27.56840132,27.56840132,0,NaN,NaN,NaN,0,60,
D07,HEX,,Unkn,,,29.25436485,29.25436485,0,NaN,NaN,NaN,0,60,
D08,HEX,,Unkn,,,29.26937365,29.26937365,0,NaN,NaN,NaN,0,60,
D09,HEX,,Unkn,,,29.17915958,29.17915958,0,NaN,NaN,NaN,0,60,
D10,HEX,,Unkn,,,30.2931355,30.2931355,0,NaN,NaN,NaN,0,60,
D11,HEX,,Unkn,,,28.37814542,28.37814542,0,NaN,NaN,NaN,0,60,
D12,HEX,,Unkn,,,28.34034408,28.34034408,0,NaN,NaN,NaN,0,60,
D13,HEX,,Unkn,,,28.07296612,28.07296612,0,NaN,NaN,NaN,0,60,
D14,HEX,,Unkn,,,NaN,0,0,NaN,NaN,0,0,60,
D15,HEX,,Unkn,,,27.25562141,27.25562141,0,NaN,NaN,NaN,0,60,
D16,HEX,,Unkn,,,NaN,0,0,NaN,NaN,0,0,60,
D17,HEX,,Unkn,,,27.16626552,27.16626552,0,NaN,NaN,NaN,0,60,
D18,HEX,,Unkn,,,NaN,0,0,NaN,NaN,0,0,60,
D19,HEX,,Unkn,,,27.78275325,27.78275325,0,NaN,NaN,NaN,0,60,
D20,HEX,,Unkn,,,NaN,0,0,NaN,NaN,0,0,60,
D21,HEX,,Unkn,,,33.80784082,33.80784082,0,NaN,NaN,NaN,0,60,
D22,HEX,,Unkn,,,NaN,0,0,NaN,NaN,0,0,60,
D23,HEX,,Unkn,,,27.85904892,27.85904892,0,NaN,NaN,NaN,0,60,
D24,HEX,,Unkn,,,NaN,0,0,NaN,NaN,0,0,60,
E01,HEX,,Unkn,,,27.50672182,27.50672182,0,NaN,NaN,NaN,0,60,
E02,HEX,,Unkn,,,27.60292708,27.60292708,0,NaN,NaN,NaN,0,60,
E03,HEX,,Unkn,,,27.72459469,27.72459469,0,NaN,NaN,NaN,0,60,
E04,HEX,,Unkn,,,27.9575056,27.9575056,0,NaN,NaN,NaN,0,60,
E05,HEX,,Unkn,,,27.17919633,27.17919633,0,NaN,NaN,NaN,0,60,
E06,HEX,,Unkn,,,27.39119422,27.39119422,0,NaN,NaN,NaN,0,60,
E07,HEX,,Unkn,,,28.99203289,28.99203289,0,NaN,NaN,NaN,0,60,
E08,HEX,,Unkn,,,29.06443685,29.06443685,0,NaN,NaN,NaN,0,60,
E09,HEX,,Unkn,,,29.02887162,29.02887162,0,NaN,NaN,NaN,0,60,
E10,HEX,,Unkn,,,30.00262203,30.00262203,0,NaN,NaN,NaN,0,60,
E11,HEX,,Unkn,,,28.24603166,28.24603166,0,NaN,NaN,NaN,0,60,
E12,HEX,,Unkn,,,28.07817319,28.07817319,0,NaN,NaN,NaN,0,60,
E13,HEX,,Unkn,,,27.724355,27.724355,0,NaN,NaN,NaN,0,60,
E14,HEX,,Unkn,,,NaN,0,0,NaN,NaN,0,0,60,
E15,HEX,,Unkn,,,27.13773319,27.13773319,0,NaN,NaN,NaN,0,60,
E16,HEX,,Unkn,,,NaN,0,0,NaN,NaN,0,0,60,
E17,HEX,,Unkn,,,27.33374501,27.33374501,0,NaN,NaN,NaN,0,60,
E18,HEX,,Unkn,,,NaN,0,0,NaN,NaN,0,0,60,
E19,HEX,,Unkn,,,27.621394,27.621394,0,NaN,NaN,NaN,0,60,
E20,HEX,,Unkn,,,NaN,0,0,NaN,NaN,0,0,60,
E21,HEX,,Unkn,,,34.11653696,34.11653696,0,NaN,NaN,NaN,0,60,
E22,HEX,,Unkn,,,NaN,0,0,NaN,NaN,0,0,60,
E23,HEX,,Unkn,,,28.27514597,28.27514597,0,NaN,NaN,NaN,0,60,
E24,HEX,,Unkn,,,NaN,0,0,NaN,NaN,0,0,60,
F01,HEX,,Unkn,,,27.61813849,27.61813849,0,NaN,NaN,NaN,0,60,
F02,HEX,,Unkn,,,27.72599547,27.72599547,0,NaN,NaN,NaN,0,60,
F03,HEX,,Unkn,,,27.71355738,27.71355738,0,NaN,NaN,NaN,0,60,
F04,HEX,,Unkn,,,27.89339253,27.89339253,0,NaN,NaN,NaN,0,60,
F05,HEX,,Unkn,,,27.34347535,27.34347535,0,NaN,NaN,NaN,0,60,
F06,HEX,,Unkn,,,27.37734855,27.37734855,0,NaN,NaN,NaN,0,60,
F07,HEX,,Unkn,,,29.12205782,29.12205782,0,NaN,NaN,NaN,0,60,
F08,HEX,,Unkn,,,29.17346153,29.17346153,0,NaN,NaN,NaN,0,60,
F09,HEX,,Unkn,,,29.10772371,29.10772371,0,NaN,NaN,NaN,0,60,
F10,HEX,,Unkn,,,30.17253023,30.17253023,0,NaN,NaN,NaN,0,60,
F11,HEX,,Unkn,,,28.21518827,28.21518827,0,NaN,NaN,NaN,0,60,
F12,HEX,,Unkn,,,28.20087253,28.20087253,0,NaN,NaN,NaN,0,60,
F13,HEX,,Unkn,,,27.70323735,27.70323735,0,NaN,NaN,NaN,0,60,
F14,HEX,,Unkn,,,NaN,0,0,NaN,NaN,0,0,60,
F15,HEX,,Unkn,,,27.13681601,27.13681601,0,NaN,NaN,NaN,0,60,
F16,HEX,,Unkn,,,NaN,0,0,NaN,NaN,0,0,60,
F17,HEX,,Unkn,,,27.40168571,27.40168571,0,NaN,NaN,NaN,0,60,
F18,HEX,,Unkn,,,NaN,0,0,NaN,NaN,0,0,60,
F19,HEX,,Unkn,,,27.69622737,27.69622737,0,NaN,NaN,NaN,0,60,
F20,HEX,,Unkn,,,NaN,0,0,NaN,NaN,0,0,60,
F21,HEX,,Unkn,,,33.48951088,33.48951088,0,NaN,NaN,NaN,0,60,
F22,HEX,,Unkn,,,NaN,0,0,NaN,NaN,0,0,60,
F23,HEX,,Unkn,,,28.17650199,28.17650199,0,NaN,NaN,NaN,0,60,
F24,HEX,,Unkn,,,NaN,0,0,NaN,NaN,0,0,60,
G01,HEX,,Unkn,,,27.3557282,27.3557282,0,NaN,NaN,NaN,0,60,
G02,HEX,,Unkn,,,27.40262289,27.40262289,0,NaN,NaN,NaN,0,60,
G03,HEX,,Unkn,,,27.718857,27.718857,0,NaN,NaN,NaN,0,60,
G04,HEX,,Unkn,,,27.61657677,27.61657677,0,NaN,NaN,NaN,0,60,
G05,HEX,,Unkn,,,27.3249424,27.3249424,0,NaN,NaN,NaN,0,60,
G06,HEX,,Unkn,,,27.27793218,27.27793218,0,NaN,NaN,NaN,0,60,
G07,HEX,,Unkn,,,29.10712889,29.10712889,0,NaN,NaN,NaN,0,60,
G08,HEX,,Unkn,,,29.15667037,29.15667037,0,NaN,NaN,NaN,0,60,
G09,HEX,,Unkn,,,29.22103271,29.22103271,0,NaN,NaN,NaN,0,60,
G10,HEX,,Unkn,,,29.74422794,29.74422794,0,NaN,NaN,NaN,0,60,
G11,HEX,,Unkn,,,28.29204765,28.29204765,0,NaN,NaN,NaN,0,60,
G12,HEX,,Unkn,,,28.07339967,28.07339967,0,NaN,NaN,NaN,0,60,
G13,HEX,,Unkn,,,27.79415135,27.79415135,0,NaN,NaN,NaN,0,60,
G14,HEX,,Unkn,,,NaN,0,0,NaN,NaN,0,0,60,
G15,HEX,,Unkn,,,27.07795395,27.07795395,0,NaN,NaN,NaN,0,60,
G16,HEX,,Unkn,,,NaN,0,0,NaN,NaN,0,0,60,
G17,HEX,,Unkn,,,27.3859515,27.3859515,0,NaN,NaN,NaN,0,60,
G18,HEX,,Unkn,,,NaN,0,0,NaN,NaN,0,0,60,
G19,HEX,,Unkn,,,27.61395212,27.61395212,0,NaN,NaN,NaN,0,60,
G20,HEX,,Unkn,,,NaN,0,0,NaN,NaN,0,0,60,
G21,HEX,,Unkn,,,33.62393932,33.62393932,0,NaN,NaN,NaN,0,60,
G22,HEX,,Unkn,,,NaN,0,0,NaN,NaN,0,0,60,
G23,HEX,,Unkn,,,28.30801587,28.30801587,0,NaN,NaN,NaN,0,60,
G24,HEX,,Unkn,,,NaN,0,0,NaN,NaN,0,0,60,
H01,HEX,,Unkn,,,27.37584257,27.37584257,0,NaN,NaN,NaN,0,60,
H02,HEX,,Unkn,,,27.38138447,27.38138447,0,NaN,NaN,NaN,0,60,
H03,HEX,,Unkn,,,27.72894409,27.72894409,0,NaN,NaN,NaN,0,60,
H04,HEX,,Unkn,,,27.61654159,27.61654159,0,NaN,NaN,NaN,0,60,
H05,HEX,,Unkn,,,27.36310406,27.36310406,0,NaN,NaN,NaN,0,60,
H06,HEX,,Unkn,,,27.30459476,27.30459476,0,NaN,NaN,NaN,0,60,
H07,HEX,,Unkn,,,29.13289519,29.13289519,0,NaN,NaN,NaN,0,60,
H08,HEX,,Unkn,,,29.02254719,29.02254719,0,NaN,NaN,NaN,0,60,
H09,HEX,,Unkn,,,28.87628501,28.87628501,0,NaN,NaN,NaN,0,60,
H10,HEX,,Unkn,,,30.0499523,30.0499523,0,NaN,NaN,NaN,0,60,
H11,HEX,,Unkn,,,28.28997328,28.28997328,0,NaN,NaN,NaN,0,60,
H12,HEX,,Unkn,,,28.07354069,28.07354069,0,NaN,NaN,NaN,0,60,
H13,HEX,,Unkn,,,27.74575433,27.74575433,0,NaN,NaN,NaN,0,60,
H14,HEX,,Unkn,,,NaN,0,0,NaN,NaN,0,0,60,
H15,HEX,,Unkn,,,27.13252446,27.13252446,0,NaN,NaN,NaN,0,60,
H16,HEX,,Unkn,,,NaN,0,0,NaN,NaN,0,0,60,
H17,HEX,,Unkn,,,27.542428,27.542428,0,NaN,NaN,NaN,0,60,
H18,HEX,,Unkn,,,NaN,0,0,NaN,NaN,0,0,60,
H19,HEX,,Unkn,,,27.67326688,27.67326688,0,NaN,NaN,NaN,0,60,
H20,HEX,,Unkn,,,NaN,0,0,NaN,NaN,0,0,60,
H21,HEX,,Unkn,,,33.51429036,33.51429036,0,NaN,NaN,NaN,0,60,
H22,HEX,,Unkn,,,NaN,0,0,NaN,NaN,0,0,60,
H23,HEX,,Unkn,,,28.0306518,28.0306518,0,NaN,NaN,NaN,0,60,
H24,HEX,,Unkn,,,NaN,0,0,NaN,NaN,0,0,60,
I01,HEX,,Unkn,,,27.3257243,27.3257243,0,NaN,NaN,NaN,0,60,
I02,HEX,,Unkn,,,27.37600122,27.37600122,0,NaN,NaN,NaN,0,60,
I03,HEX,,Unkn,,,27.63616695,27.63616695,0,NaN,NaN,NaN,0,60,
I04,HEX,,Unkn,,,27.75953589,27.75953589,0,NaN,NaN,NaN,0,60,
I05,HEX,,Unkn,,,27.25916956,27.25916956,0,NaN,NaN,NaN,0,60,
I06,HEX,,Unkn,,,27.22611242,27.22611242,0,NaN,NaN,NaN,0,60,
I07,HEX,,Unkn,,,28.85542415,28.85542415,0,NaN,NaN,NaN,0,60,
I08,HEX,,Unkn,,,29.25009329,29.25009329,0,NaN,NaN,NaN,0,60,
I09,HEX,,Unkn,,,29.09923857,29.09923857,0,NaN,NaN,NaN,0,60,
I10,HEX,,Unkn,,,29.89767756,29.89767756,0,NaN,NaN,NaN,0,60,
I11,HEX,,Unkn,,,28.24836875,28.24836875,0,NaN,NaN,NaN,0,60,
I12,HEX,,Unkn,,,28.05618271,28.05618271,0,NaN,NaN,NaN,0,60,
I13,HEX,,Unkn,,,27.72940852,27.72940852,0,NaN,NaN,NaN,0,60,
I14,HEX,,Unkn,,,NaN,0,0,NaN,NaN,0,0,60,
I15,HEX,,Unkn,,,27.07941849,27.07941849,0,NaN,NaN,NaN,0,60,
I16,HEX,,Unkn,,,NaN,0,0,NaN,NaN,0,0,60,
I17,HEX,,Unkn,,,27.53357677,27.53357677,0,NaN,NaN,NaN,0,60,
I18,HEX,,Unkn,,,NaN,0,0,NaN,NaN,0,0,60,
I19,HEX,,Unkn,,,27.62094624,27.62094624,0,NaN,NaN,NaN,0,60,
I20,HEX,,Unkn,,,NaN,0,0,NaN,NaN,0,0,60,
I21,HEX,,Unkn,,,33.97222485,33.97222485,0,NaN,NaN,NaN,0,60,
I22,HEX,,Unkn,,,NaN,0,0,NaN,NaN,0,0,60,
I23,HEX,,Unkn,,,28.30432125,28.30432125,0,NaN,NaN,NaN,0,60,
I24,HEX,,Unkn,,,NaN,0,0,NaN,NaN,0,0,60,
J01,HEX,,Unkn,,,27.38172009,27.38172009,0,NaN,NaN,NaN,0,60,
J02,HEX,,Unkn,,,27.28477847,27.28477847,0,NaN,NaN,NaN,0,60,
J03,HEX,,Unkn,,,27.8414406,27.8414406,0,NaN,NaN,NaN,0,60,
J04,HEX,,Unkn,,,27.73822975,27.73822975,0,NaN,NaN,NaN,0,60,
J05,HEX,,Unkn,,,27.43356091,27.43356091,0,NaN,NaN,NaN,0,60,
J06,HEX,,Unkn,,,27.28181537,27.28181537,0,NaN,NaN,NaN,0,60,
J07,HEX,,Unkn,,,29.07513632,29.07513632,0,NaN,NaN,NaN,0,60,
J08,HEX,,Unkn,,,29.13551253,29.13551253,0,NaN,NaN,NaN,0,60,
J09,HEX,,Unkn,,,28.64689352,28.64689352,0,NaN,NaN,NaN,0,60,
J10,HEX,,Unkn,,,29.8548945,29.8548945,0,NaN,NaN,NaN,0,60,
J11,HEX,,Unkn,,,28.21628986,28.21628986,0,NaN,NaN,NaN,0,60,
J12,HEX,,Unkn,,,27.81468861,27.81468861,0,NaN,NaN,NaN,0,60,
J13,HEX,,Unkn,,,27.72151905,27.72151905,0,NaN,NaN,NaN,0,60,
J14,HEX,,Unkn,,,NaN,0,0,NaN,NaN,0,0,60,
J15,HEX,,Unkn,,,27.00532627,27.00532627,0,NaN,NaN,NaN,0,60,
J16,HEX,,Unkn,,,NaN,0,0,NaN,NaN,0,0,60,
J17,HEX,,Unkn,,,27.32188575,27.32188575,0,NaN,NaN,NaN,0,60,
J18,HEX,,Unkn,,,NaN,0,0,NaN,NaN,0,0,60,
J19,HEX,,Unkn,,,27.88367862,27.88367862,0,NaN,NaN,NaN,0,60,
J20,HEX,,Unkn,,,NaN,0,0,NaN,NaN,0,0,60,
J21,HEX,,Unkn,,,34.06738791,34.06738791,0,NaN,NaN,NaN,0,60,
J22,HEX,,Unkn,,,NaN,0,0,NaN,NaN,0,0,60,
J23,HEX,,Unkn,,,28.16149365,28.16149365,0,NaN,NaN,NaN,0,60,
J24,HEX,,Unkn,,,NaN,0,0,NaN,NaN,0,0,60,
K01,HEX,,Unkn,,,27.52918386,27.52918386,0,NaN,NaN,NaN,0,60,
K02,HEX,,Unkn,,,27.27649081,27.27649081,0,NaN,NaN,NaN,0,60,
K03,HEX,,Unkn,,,27.68036042,27.68036042,0,NaN,NaN,NaN,0,60,
K04,HEX,,Unkn,,,27.82633819,27.82633819,0,NaN,NaN,NaN,0,60,
K05,HEX,,Unkn,,,27.43252367,27.43252367,0,NaN,NaN,NaN,0,60,
K06,HEX,,Unkn,,,27.44302525,27.44302525,0,NaN,NaN,NaN,0,60,
K07,HEX,,Unkn,,,28.98707267,28.98707267,0,NaN,NaN,NaN,0,60,
K08,HEX,,Unkn,,,29.16919124,29.16919124,0,NaN,NaN,NaN,0,60,
K09,HEX,,Unkn,,,28.98887303,28.98887303,0,NaN,NaN,NaN,0,60,
K10,HEX,,Unkn,,,30.07069971,30.07069971,0,NaN,NaN,NaN,0,60,
K11,HEX,,Unkn,,,28.10512637,28.10512637,0,NaN,NaN,NaN,0,60,
K12,HEX,,Unkn,,,27.79994284,27.79994284,0,NaN,NaN,NaN,0,60,
K13,HEX,,Unkn,,,27.97121782,27.97121782,0,NaN,NaN,NaN,0,60,
K14,HEX,,Unkn,,,NaN,0,0,NaN,NaN,0,0,60,
K15,HEX,,Unkn,,,27.01764395,27.01764395,0,NaN,NaN,NaN,0,60,
K16,HEX,,Unkn,,,NaN,0,0,NaN,NaN,0,0,60,
K17,HEX,,Unkn,,,27.48207687,27.48207687,0,NaN,NaN,NaN,0,60,
K18,HEX,,Unkn,,,NaN,0,0,NaN,NaN,0,0,60,
K19,HEX,,Unkn,,,27.62191427,27.62191427,0,NaN,NaN,NaN,0,60,
K20,HEX,,Unkn,,,NaN,0,0,NaN,NaN,0,0,60,
K21,HEX,,Unkn,,,33.95539641,33.95539641,0,NaN,NaN,NaN,0,60,
K22,HEX,,Unkn,,,NaN,0,0,NaN,NaN,0,0,60,
K23,HEX,,Unkn,,,28.18507284,28.18507284,0,NaN,NaN,NaN,0,60,
K24,HEX,,Unkn,,,NaN,0,0,NaN,NaN,0,0,60,
L01,HEX,,Unkn,,,27.52091568,27.52091568,0,NaN,NaN,NaN,0,60,
L02,HEX,,Unkn,,,27.61650948,27.61650948,0,NaN,NaN,NaN,0,60,
L03,HEX,,Unkn,,,28.14483887,28.14483887,0,NaN,NaN,NaN,0,60,
L04,HEX,,Unkn,,,27.6702339,27.6702339,0,NaN,NaN,NaN,0,60,
L05,HEX,,Unkn,,,27.48120742,27.48120742,0,NaN,NaN,NaN,0,60,
L06,HEX,,Unkn,,,27.53803169,27.53803169,0,NaN,NaN,NaN,0,60,
L07,HEX,,Unkn,,,29.5482719,29.5482719,0,NaN,NaN,NaN,0,60,
L08,HEX,,Unkn,,,29.15194407,29.15194407,0,NaN,NaN,NaN,0,60,
L09,HEX,,Unkn,,,29.30313046,29.30313046,0,NaN,NaN,NaN,0,60,
L10,HEX,,Unkn,,,30.19369344,30.19369344,0,NaN,NaN,NaN,0,60,
L11,HEX,,Unkn,,,28.88800073,28.88800073,0,NaN,NaN,NaN,0,60,
L12,HEX,,Unkn,,,28.12576798,28.12576798,0,NaN,NaN,NaN,0,60,
L13,HEX,,Unkn,,,27.9927393,27.9927393,0,NaN,NaN,NaN,0,60,
L14,HEX,,Unkn,,,NaN,0,0,NaN,NaN,0,0,60,
L15,HEX,,Unkn,,,27.15811872,27.15811872,0,NaN,NaN,NaN,0,60,
L16,HEX,,Unkn,,,NaN,0,0,NaN,NaN,0,0,60,
L17,HEX,,Unkn,,,27.68980922,27.68980922,0,NaN,NaN,NaN,0,60,
L18,HEX,,Unkn,,,NaN,0,0,NaN,NaN,0,0,60,
L19,HEX,,Unkn,,,27.83550998,27.83550998,0,NaN,NaN,NaN,0,60,
L20,HEX,,Unkn,,,NaN,0,0,NaN,NaN,0,0,60,
L21,HEX,,Unkn,,,33.30391895,33.30391895,0,NaN,NaN,NaN,0,60,
L22,HEX,,Unkn,,,NaN,0,0,NaN,NaN,0,0,60,
L23,HEX,,Unkn,,,28.22206683,28.22206683,0,NaN,NaN,NaN,0,60,
L24,HEX,,Unkn,,,NaN,0,0,NaN,NaN,0,0,60,
M01,HEX,,Unkn,,,26.17172753,26.17172753,0,NaN,NaN,NaN,0,60,
M02,HEX,,Unkn,,,26.41307157,26.41307157,0,NaN,NaN,NaN,0,60,
M03,HEX,,Unkn,,,26.76881206,26.76881206,0,NaN,NaN,NaN,0,60,
M04,HEX,,Unkn,,,26.57933539,26.57933539,0,NaN,NaN,NaN,0,60,
M05,HEX,,Unkn,,,26.29477552,26.29477552,0,NaN,NaN,NaN,0,60,
M06,HEX,,Unkn,,,26.02103792,26.02103792,0,NaN,NaN,NaN,0,60,
M07,HEX,,Unkn,,,26.82200693,26.82200693,0,NaN,NaN,NaN,0,60,
M08,HEX,,Unkn,,,27.15245708,27.15245708,0,NaN,NaN,NaN,0,60,
M09,HEX,,Unkn,,,27.55490335,27.55490335,0,NaN,NaN,NaN,0,60,
M10,HEX,,Unkn,,,28.46435703,28.46435703,0,NaN,NaN,NaN,0,60,
M11,HEX,,Unkn,,,26.72256581,26.72256581,0,NaN,NaN,NaN,0,60,
M12,HEX,,Unkn,,,26.39032068,26.39032068,0,NaN,NaN,NaN,0,60,
M13,HEX,,Unkn,,,26.72762263,26.72762263,0,NaN,NaN,NaN,0,60,
M14,HEX,,Unkn,,,NaN,0,0,NaN,NaN,0,0,60,
M15,HEX,,Unkn,,,25.81933614,25.81933614,0,NaN,NaN,NaN,0,60,
M16,HEX,,Unkn,,,NaN,0,0,NaN,NaN,0,0,60,
M17,HEX,,Unkn,,,26.0122356,26.0122356,0,NaN,NaN,NaN,0,60,
M18,HEX,,Unkn,,,NaN,0,0,NaN,NaN,0,0,60,
M19,HEX,,Unkn,,,25.90278554,25.90278554,0,NaN,NaN,NaN,0,60,
M20,HEX,,Unkn,,,NaN,0,0,NaN,NaN,0,0,60,
M21,HEX,,Unkn,,,32.75372622,32.75372622,0,NaN,NaN,NaN,0,60,
M22,HEX,,Unkn,,,NaN,0,0,NaN,NaN,0,0,60,
M23,HEX,,Unkn,,,27.12370329,27.12370329,0,NaN,NaN,NaN,0,60,
M24,HEX,,Unkn,,,NaN,0,0,NaN,NaN,0,0,60,
N01,HEX,,Unkn,,,26.29256852,26.29256852,0,NaN,NaN,NaN,0,60,
N02,HEX,,Unkn,,,26.56312008,26.56312008,0,NaN,NaN,NaN,0,60,
N03,HEX,,Unkn,,,26.54452399,26.54452399,0,NaN,NaN,NaN,0,60,
N04,HEX,,Unkn,,,26.62335456,26.62335456,0,NaN,NaN,NaN,0,60,
N05,HEX,,Unkn,,,26.38486276,26.38486276,0,NaN,NaN,NaN,0,60,
N06,HEX,,Unkn,,,26.04727649,26.04727649,0,NaN,NaN,NaN,0,60,
N07,HEX,,Unkn,,,26.95591834,26.95591834,0,NaN,NaN,NaN,0,60,
N08,HEX,,Unkn,,,27.22073555,27.22073555,0,NaN,NaN,NaN,0,60,
N09,HEX,,Unkn,,,27.59088351,27.59088351,0,NaN,NaN,NaN,0,60,
N10,HEX,,Unkn,,,28.6436343,28.6436343,0,NaN,NaN,NaN,0,60,
N11,HEX,,Unkn,,,26.9669518,26.9669518,0,NaN,NaN,NaN,0,60,
N12,HEX,,Unkn,,,26.48532998,26.48532998,0,NaN,NaN,NaN,0,60,
N13,HEX,,Unkn,,,27.19843123,27.19843123,0,NaN,NaN,NaN,0,60,
N14,HEX,,Unkn,,,NaN,0,0,NaN,NaN,0,0,60,
N15,HEX,,Unkn,,,26.10127597,26.10127597,0,NaN,NaN,NaN,0,60,
N16,HEX,,Unkn,,,NaN,0,0,NaN,NaN,0,0,60,
N17,HEX,,Unkn,,,26.0580176,26.0580176,0,NaN,NaN,NaN,0,60,
N18,HEX,,Unkn,,,NaN,0,0,NaN,NaN,0,0,60,
N19,HEX,,Unkn,,,26.06181678,26.06181678,0,NaN,NaN,NaN,0,60,
N20,HEX,,Unkn,,,NaN,0,0,NaN,NaN,0,0,60,
N21,HEX,,Unkn,,,32.67512875,32.67512875,0,NaN,NaN,NaN,0,60,
N22,HEX,,Unkn,,,NaN,0,0,NaN,NaN,0,0,60,
N23,HEX,,Unkn,,,26.74824304,26.74824304,0,NaN,NaN,NaN,0,60,
N24,HEX,,Unkn,,,NaN,0,0,NaN,NaN,0,0,60,
O01,HEX,,Unkn,,,26.43346613,26.43346613,0,NaN,NaN,NaN,0,60,
O02,HEX,,Unkn,,,26.54577074,26.54577074,0,NaN,NaN,NaN,0,60,
O03,HEX,,Unkn,,,26.52795271,26.52795271,0,NaN,NaN,NaN,0,60,
O04,HEX,,Unkn,,,26.47986856,26.47986856,0,NaN,NaN,NaN,0,60,
O05,HEX,,Unkn,,,26.23769834,26.23769834,0,NaN,NaN,NaN,0,60,
O06,HEX,,Unkn,,,25.95608586,25.95608586,0,NaN,NaN,NaN,0,60,
O07,HEX,,Unkn,,,27.02876838,27.02876838,0,NaN,NaN,NaN,0,60,
O08,HEX,,Unkn,,,26.91282239,26.91282239,0,NaN,NaN,NaN,0,60,
O09,HEX,,Unkn,,,27.32180206,27.32180206,0,NaN,NaN,NaN,0,60,
O10,HEX,,Unkn,,,28.5494563,28.5494563,0,NaN,NaN,NaN,0,60,
O11,HEX,,Unkn,,,26.88539249,26.88539249,0,NaN,NaN,NaN,0,60,
O12,HEX,,Unkn,,,26.65250424,26.65250424,0,NaN,NaN,NaN,0,60,
O13,HEX,,Unkn,,,26.90706126,26.90706126,0,NaN,NaN,NaN,0,60,
O14,HEX,,Unkn,,,NaN,0,0,NaN,NaN,0,0,60,
O15,HEX,,Unkn,,,26.14916258,26.14916258,0,NaN,NaN,NaN,0,60,
O16,HEX,,Unkn,,,NaN,0,0,NaN,NaN,0,0,60,
O17,HEX,,Unkn,,,25.9463185,25.9463185,0,NaN,NaN,NaN,0,60,
O18,HEX,,Unkn,,,NaN,0,0,NaN,NaN,0,0,60,
O19,HEX,,Unkn,,,25.8946283,25.8946283,0,NaN,NaN,NaN,0,60,
O20,HEX,,Unkn,,,NaN,0,0,NaN,NaN,0,0,60,
O21,HEX,,Unkn,,,32.94739518,32.94739518,0,NaN,NaN,NaN,0,60,
O22,HEX,,Unkn,,,NaN,0,0,NaN,NaN,0,0,60,
O23,HEX,,Unkn,,,26.95370251,26.95370251,0,NaN,NaN,NaN,0,60,
O24,HEX,,Unkn,,,NaN,0,0,NaN,NaN,0,0,60,
P01,HEX,,Unkn,,,NaN,0,0,NaN,NaN,0,0,60,
P02,HEX,,Unkn,,,NaN,0,0,NaN,NaN,0,0,60,
P03,HEX,,Unkn,,,NaN,0,0,NaN,NaN,0,0,60,
P04,HEX,,Unkn,,,NaN,0,0,NaN,NaN,0,0,60,
P05,HEX,,Unkn,,,NaN,0,0,NaN,NaN,0,0,60,
P06,HEX,,Unkn,,,NaN,0,0,NaN,NaN,0,0,60,
P07,HEX,,Unkn,,,NaN,0,0,NaN,NaN,0,0,60,
P08,HEX,,Unkn,,,NaN,0,0,NaN,NaN,0,0,60,
P09,HEX,,Unkn,,,NaN,0,0,NaN,NaN,0,0,60,
P10,HEX,,Unkn,,,NaN,0,0,NaN,NaN,0,0,60,
P11,HEX,,Unkn,,,NaN,0,0,NaN,NaN,0,0,60,
P12,HEX,,Unkn,,,NaN,0,0,NaN,NaN,0,0,60,
P13,HEX,,Unkn,,,NaN,0,0,NaN,NaN,0,0,60,
P14,HEX,,Unkn,,,NaN,0,0,NaN,NaN,0,0,60,
P15,HEX,,Unkn,,,NaN,0,0,NaN,NaN,0,0,60,
P16,HEX,,Unkn,,,NaN,0,0,NaN,NaN,0,0,60,
P17,HEX,,Unkn,,,NaN,0,0,NaN,NaN,0,0,60,
P18,HEX,,Unkn,,,NaN,0,0,NaN,NaN,0,0,60,
P19,HEX,,Unkn,,,NaN,0,0,NaN,NaN,0,0,60,
P20,HEX,,Unkn,,,NaN,0,0,NaN,NaN,0,0,60,
P21,HEX,,Unkn,,,NaN,0,0,NaN,NaN,0,0,60,
P22,HEX,,Unkn,,,NaN,0,0,NaN,NaN,0,0,60,
P23,HEX,,Unkn,,,NaN,0,0,NaN,NaN,0,0,60,
P24,HEX,,Unkn,,,NaN,0,0,NaN,NaN,0,0,60,
